player_id,game_id,rank,color,sgf_content
7e6c1a85646fdc7a,g_0000001,A,B,(;SZ[19];B[pd];W[pq];B[cd];W[cp];B[po];W[qm];B[qo];W[qj];B[qq];W[qr];B[rr];W[qp];B[rq];W[pp];B[rp];W[rn];B[ro];W[pr];B[no];W[mp];B[om];W[qf];B[qe];W[pf];B[nd];W[qc];B[qd];W[oc];B[od];W[nc];B[pc];W[mc];B[pb];W[jc];B[fc];W[nf];B[md];W[ld];B[mf];W[le];B[ng];W[og];B[mg];W[me];B[ne];W[of];B[nj];W[rf];B[re];W[ob];B[rc];W[mo];B[ep];W[gq];B[fo];W[go];B[fq];W[gp];B[fr];W[cm];B[em];W[cj];B[hr];W[gr];B[gs];W[iq];B[jr];W[ir];B[is];W[hq];B[hs];W[kq];B[lr];W[kr];B[ks];W[jq];B[js];W[mr];B[dq];W[cf];B[ee];W[bd];B[be];W[ce];B[bc];W[dd];B[cc];W[de];B[dc];W[ed];B[fd];W[bf];B[ad];W[fe];B[cq];W[bp];B[bq];W[oi];B[ni];W[hc];B[hd];W[eb];B[ec];W[fb];B[gc];W[gb];B[ge];W[ic];B[ff];W[dh];B[gm];W[fh];B[mn];W[ln];B[mm];W[lm];B[ll];W[kl];B[kk];W[lk];B[ml];W[jk];B[kj];W[jm];B[jj];W[ik];B[ij];W[gn];B[fn];W[hm];B[hk];W[gl];B[fm];W[hl];B[gj];W[oj];B[ok];W[qk];B[sf];W[sg];B[se];W[rh];B[oa];W[na];B[pa];W[lc];B[jf];W[dn];B[cl];W[bl];B[ck];W[bk];B[dm];W[bn];B[dj];W[di];B[ej];W[fl];B[gh];W[dl];B[dk];W[el];B[fi];W[gk];B[hj];W[fg];B[gg];W[ei];B[ap];W[ao];B[aq];W[ef];B[fe];W[dg];B[db];W[np];B[oo];W[lq];B[ls];W[ms];B[fs];W[pk];B[pl];W[ie];B[if];W[lf];B[lg];W[kf];B[kg];W[je];B[he];W[af];B[ql];W[rl];B[sn];W[sm];B[so];W[pm];B[ol];W[rs];B[oh];W[ph];B[nh];W[dp];B[fp];W[do];B[qn];W[rm];B[pn];W[rk];B[ea];W[hb];B[op];W[oq])
206ded11a2b64318,g_0000002,A,B,(;SZ[19];B[qd];W[dp];B[pq];W[dd];B[fc];W[eb];B[ec];W[dc];B[fb];W[dg];B[db];W[cb];B[ea];W[oc];B[mc];W[qc];B[pd];W[pc];B[od];W[nc];B[md];W[nd];B[ne];W[rd];B[re];W[rc];B[qf];W[qo];B[qm];W[qq];B[pp];W[qp];B[on];W[pr];B[or];W[qr];B[nq];W[po];B[oo];W[me];B[nf];W[qk];B[rn];W[ro];B[qi];W[ok];B[rk];W[rl];B[ql];W[rj];B[pk];W[qj];B[pj];W[sk];B[ri];W[rm];B[qn];W[sn];B[si];W[sj];B[mb];W[nb];B[jd];W[pi];B[ph];W[pl];B[oj];W[pn];B[ol];W[om];B[nk];W[nm];B[fq];W[er];B[cn];W[cp];B[ci];W[cg];B[bh];W[bg];B[bo];W[bp];B[dl];W[fr];B[ca];W[bb];B[hq];W[lq];B[mo];W[lo];B[mn];W[mp];B[np];W[gr];B[ln];W[hr];B[jq];W[iq];B[ip];W[ir];B[jr];W[jp];B[kp];W[jo];B[kq];W[io];B[ko];W[jm];B[fn];W[ho];B[fi];W[dn];B[dm];W[mf];B[mg];W[lg];B[lh];W[kg];B[ke];W[kf];B[le];W[lf];B[kh];W[jh];B[ji];W[ih];B[if];W[ig];B[jf];W[jg];B[ii];W[gh];B[fh];W[gg];B[fg];W[hi];B[hj];W[mh];B[ng];W[ki];B[li];W[ij];B[jj];W[gj];B[ik];W[gi];B[gk];W[fj];B[dj];W[ff];B[gf];W[hf];B[ge];W[he];B[gd];W[id];B[je];W[jc];B[ic];W[hg];B[kc];W[hc];B[jb];W[ef];B[ei];W[hd];B[hb];W[gc];B[fd];W[gb];B[ga];W[fk];B[gl];W[fl];B[fm];W[gm];B[hm];W[kj];B[jk];W[gn];B[do];W[kk];B[kl];W[lj];B[mi];W[mj];B[ni];W[ll];B[km];W[hl];B[hk];W[jl];B[im])
1c33ec8291830b17,g_0000003,A,B,(;SZ[19];B[pd];W[cp];B[pq];W[dc];B[pn];W[fq];B[jd];W[jp];B[de];W[ce];B[cf];W[cd];B[dg];W[ef];B[df];W[ed];B[dj];W[ql];B[lq];W[kq];B[lp];W[fo];B[cn];W[cl];B[en];W[el];B[fn];W[go];B[eo];W[ep];B[gn];W[ho];B[gl];W[bj];B[ci];W[bi];B[bh];W[cj];B[di];W[fk];B[dk];W[dl];B[ck];W[bk];B[bm];W[bl];B[il];W[gk];B[ee];W[hl];B[hm];W[hk];B[fl];W[ek];B[jm];W[in];B[im];W[bo];B[bn];W[fh];B[ff];W[fd];B[gg];W[gh];B[fe];W[hd];B[hh];W[hi];B[ih];W[ii];B[ji];W[jj];B[kj];W[jk];B[ik];W[ij];B[li];W[kl];B[jn];W[jo];B[ln];W[ml];B[qj];W[ol];B[nn];W[rn];B[ll];W[lm];B[lk];W[km];B[mm];W[kn];B[ko];W[gj];B[kk];W[jl];B[fi];W[gi];B[hn];W[io];B[co];W[bp];B[nl];W[kp];B[lo];W[fm];B[rp];W[rj];B[ri];W[rk];B[qi];W[qn];B[po];W[pm];B[ok];W[rm];B[om];W[pl];B[pc];W[jh];B[ki];W[jg];B[if];W[jf];B[ie];W[fg];B[eg];W[hg];B[ig];W[gf];B[ge];W[he];B[hf];W[gg];B[gd];W[hc];B[gc];W[hb];B[gb];W[kc];B[jc];W[jb];B[kd];W[lc];B[ld];W[mc];B[nb];W[md];B[me];W[ne];B[lf];W[mf];B[le];W[nc];B[mb];W[lb];B[ic];W[ib];B[nf];W[oe];B[oc];W[pe];B[og];W[ma];B[ob];W[qd];B[qc];W[rd];B[qf];W[rc];B[rb];W[sb];B[qb];W[qe];B[rf];W[pa];B[re];W[ka];B[bc];W[bf];B[bg];W[bd];B[af];W[cc];B[be];W[ad];B[eb];W[db];B[bb];W[ec];B[fb];W[ea];B[ca];W[cb];B[fa];W[da];B[ha];W[ia];B[ae];W[ab];B[gm];W[em])
d838bc28fcae754b,g_0000004,A,B,(;SZ[19];B[pd];W[dp];B[qp];W[dd];B[oq];W[nc];B[qg];W[jd];B[fq];W[dr];B[cn];W[hq];B[gq];W[hr];B[eo];W[do];B[dn];W[ep];B[fp];W[fo];B[en];W[go];B[hp];W[gp];B[ho];W[gn];B[hn];W[gm];B[jq];W[gr];B[hm];W[gl];B[ek];W[hl];B[jm];W[cj];B[ck];W[bk];B[bl];W[cl];B[dk];W[bm];B[bj];W[al];B[ci];W[dj];B[bi];W[ej];B[bn];W[el];B[fk];W[dl];B[fl];W[fm];B[fj];W[em];B[ei];W[dh];B[di];W[cc];B[df];W[gd];B[ob];W[oc];B[pc];W[nb];B[pk];W[dg];B[cf];W[ef];B[ee];W[ff];B[fe];W[ge];B[de];W[fg];B[bg];W[ed];B[ne];W[me];B[mf];W[le];B[lf];W[kf];B[kg];W[lg];B[nf];W[ke];B[lh];W[lq];B[kq];W[lp];B[ln];W[op];B[nq];W[np];B[pp];W[lr];B[jr];W[ko];B[jp];W[mn];B[lm];W[mm];B[lo];W[mo];B[mq];W[mp];B[ll];W[kp];B[jn];W[po];B[qo];W[pn];B[om];W[qn];B[on];W[oo];B[pl];W[rn];B[rl];W[rq];B[qq];W[qr];B[rp];W[pr];B[rr];W[sq];B[sr];W[rs];B[sp];W[os];B[pq];W[ns];B[mr];W[ms];B[or];W[ps];B[nn];W[so];B[rm];W[ls];B[ml];W[rq];B[jo];W[nr];B[pm];W[ro];B[sq];W[qs];B[jg];W[if];B[fd];W[fc];B[il];W[hj];B[jj];W[hh];B[bd];W[bc];B[cd];W[cg];B[bf];W[ec];B[fh];W[gh];B[jf];W[je];B[ig];W[hg];B[nd];W[md];B[pb];W[od];B[oe];W[mb];B[ac];W[ab];B[ad];W[cb];B[ii];W[gj];B[is];W[fr];B[aj];W[ak];B[cq];W[cr];B[br];W[bs];B[ih];W[ik];B[jk];W[hs];B[ch];W[eg];B[na];W[ma];B[oa];W[kn];B[km];W[nm];B[nl];W[ir];B[js];W[ss];B[sm];W[qm];B[ql];W[rq];B[iq];W[gi];B[ij];W[hk];B[bp];W[cp];B[bq];W[an];B[ao];W[am];B[cm];W[bl];B[hi];W[kr];B[fi];W[eq];B[eh];W[gf];B[ks];W[sn])
0075bcf325606e95,g_0000005,A,B,(;SZ[19];B[pd];W[dp];B[pq];W[dc];B[pk];W[qf];B[mc];W[qi];B[qe];W[oe];B[pf];W[pe];B[of];W[od];B[qd];W[oc];B[qg];W[rf];B[rg];W[qb];B[nf];W[md];B[pi];W[ph];B[qh];W[pj];B[oi];W[qj];B[oj];W[qk];B[pl];W[ql];B[qm];W[rm];B[qn];W[rn];B[ro];W[qo];B[rp];W[po];B[pm];W[ri];B[sn];W[sl];B[np];W[no];B[mo];W[nn];B[mn];W[nm];B[nk];W[mm];B[op];W[pn];B[ld];W[me];B[le];W[mf];B[lf];W[mg];B[kh];W[ne];B[lm];W[mk];B[ll];W[ml];B[mi];W[lk];B[kk];W[qq];B[qp];W[pp];B[rq];W[qr];B[pr];W[mp];B[ln];W[rr];B[sr];W[oq];B[qs];W[or];B[rs];W[nq];B[lp];W[mq];B[lq];W[lr];B[kr];W[ls];B[jq];W[li];B[lh];W[mh];B[mj];W[lj];B[kj];W[nc];B[mb];W[ki];B[ji];W[oh];B[ni];W[ol];B[nh];W[ok];B[ng];W[lg];B[kg];W[nb];B[kc];W[rc];B[re];W[fq];B[de];W[fd];B[fe];W[gd];B[ge];W[hd];B[cn];W[ir];B[dk];W[jh];B[ii];W[he];B[if];W[hf];B[fh];W[ee];B[ef];W[ed];B[gg];W[df];B[eg];W[cf];B[en];W[ci];B[di];W[dh];B[ei];W[cj];B[ck];W[bp];B[ic];W[hc];B[go];W[hp];B[ho];W[ip];B[io];W[jp];B[ko];W[kp];B[kq];W[jo];B[jn];W[gp];B[ks];W[ns];B[iq];W[hq];B[hg];W[ie];B[bo];W[kf];B[jg];W[jf];B[ig];W[jd];B[jc];W[kd];B[hb];W[gb];B[ib];W[ma];B[lb];W[ke];B[la];W[lc];B[ja];W[kb];B[ld];W[ha];B[fp];W[gq];B[cq];W[dq];B[cp];W[fo];B[fn];W[ep];B[cr];W[dr];B[ds];W[es];B[cs];W[eo];B[bk];W[ch];B[ah];W[ag];B[aj];W[bh];B[ai];W[bf];B[dg];W[cg];B[gf];W[dj];B[ej];W[dn];B[dm];W[do];B[co];W[hr];B[pb];W[pc];B[qc];W[rb];B[pa];W[na];B[rd];W[sd];B[sf];W[qa];B[sc];W[sb];B[se];W[ob];B[bj];W[nl];B[is];W[hs];B[js];W[in];B[hn];W[im];B[hm];W[jm];B[kn];W[jr];B[lo];W[kl];B[jl];W[il];B[km];W[kl])
423077fbf1e3474c,g_0000006,A,B,(;SZ[19];B[pd];W[dp];B[pq];W[dc];B[fq];W[hq];B[cq];W[cp];B[dq];W[ep];B[fp];W[fo];B[gr];W[gp];B[hr];W[iq];B[ir];W[jq];B[bq];W[bp];B[ce];W[cg];B[ed];W[ec];B[fd];W[fc];B[gd];W[hc];B[ci];W[ck];B[dh];W[dg];B[eg];W[bi];B[bj];W[bh];B[cj];W[bk];B[ai];W[ef];B[fg];W[de];B[dd];W[cd];B[cc];W[bd];B[cb];W[bc];B[bb];W[bf];B[gc];W[gb];B[hb];W[fb];B[ic];W[db];B[ea];W[da];B[ga];W[fa];B[ha];W[ab];B[ba];W[be];B[qg];W[pc];B[oc];W[pb];B[ob];W[qd];B[pe];W[rc];B[qe];W[re];B[rf];W[sd];B[ff];W[qk];B[pj];W[qj];B[pi];W[pk];B[ok];W[ol];B[nl];W[om];B[nm];W[mi];B[lh];W[jh];B[kg];W[jg];B[jf];W[li];B[mh];W[ni];B[oh];W[nh];B[ng];W[kh];B[lg];W[po];B[on];W[pn];B[pm];W[pl];B[oo];W[qm];B[op];W[oa];B[na];W[pa];B[mb];W[lm];B[lk];W[kk];B[ll];W[kl];B[km];W[jm];B[kn];W[jn];B[jl];W[jk];B[il];W[ko];B[ln];W[lo];B[mn];W[ik];B[hl];W[gj];B[go];W[ho];B[gn];W[fn];B[gm];W[ek];B[fk];W[fj];B[em];W[dn];B[fm];W[dm];B[gk];W[hj];B[el];W[dk];B[in];W[jo];B[io];W[im];B[hn];W[hp];B[ip];W[jp];B[lq];W[hm];B[jr];W[gl];B[fl];W[hk];B[ig];W[ih];B[hg];W[eh];B[hh];W[ei];B[ki];W[kj];B[qp];W[aq];B[ar];W[ap];B[rn];W[rl];B[qi];W[qn];B[ee];W[df];B[ro];W[rj];B[ri];W[rm];B[bs];W[lp];B[kq];W[mp];B[mq];W[np];B[nq];W[eq];B[er];W[gq];B[fr];W[gl];B[ii];W[ji];B[hi];W[nk];B[oj];W[mk];B[lj];W[ml];B[mm];W[no];B[nn];W[mj];B[lm];W[sn];B[so];W[sm];B[fh];W[fi];B[gi];W[qo];B[rq];W[sf];B[sg];W[se];B[sj];W[sk];B[si];W[pp];B[ij];W[jj];B[dl];W[cl];B[oi];W[ki];B[oq])
a167edae9a6bbff9,g_0000007,A,B,(;SZ[19];B[pd];W[dp];B[pp];W[dc];B[fq];W[nq];B[pr];W[hq];B[dq];W[cq];B[cr];W[cp];B[er];W[ep];B[fp];W[fo];B[hp];W[ip];B[go];W[fn];B[gn];W[fm];B[gm];W[fl];B[ch];W[cf];B[ck];W[cl];B[bl];W[cm];B[bm];W[dk];B[cj];W[bn];B[jq];W[iq];B[lq];W[am];B[ak];W[jp];B[kq];W[in];B[lo];W[eq];B[dr];W[gr];B[fr];W[gq];B[gp];W[jl];B[gl];W[fk];B[im];W[jm];B[il];W[jk];B[hj];W[fi];B[bf];W[be];B[bg];W[br];B[bs];W[ar];B[kn];W[jn];B[on];W[ii];B[hi];W[hh];B[ij];W[ji];B[jj];W[kj];B[gh];W[gi];B[ih];W[hg];B[ki];W[jh];B[kh];W[jg];B[kk];W[lj];B[lk];W[mj];B[mk];W[nj];B[kg];W[kp];B[lp];W[ig];B[ng];W[of];B[og];W[nl];B[km];W[nk];B[kl];W[nn];B[no];W[om];B[pn];W[pg];B[ph];W[pf];B[oi];W[pj];B[qh];W[pm];B[qn];W[rj];B[qk];W[qj];B[ql];W[qm];B[rm];W[rn];B[rl];W[ro];B[rp];W[pl];B[qo];W[rh];B[rg];W[pk];B[ri];W[rk];B[so];W[mg];B[nf];W[mf];B[ne];W[me];B[mh];W[nh];B[ni];W[lh];B[mi];W[li];B[md];W[ld];B[mc];W[lc];B[mb];W[lb];B[ce];W[df];B[cd];W[de];B[dd];W[ed];B[cc];W[db];B[cb];W[cs];B[ir];W[hr];B[js];W[gk];B[ik];W[hk];B[io];W[jo];B[ho];W[fs];B[es];W[hl];B[hm];W[gs];B[ko];W[gj];B[bq];W[as];B[is];W[ks];B[jr];W[bp];B[hs])
94796791af7c41b6,g_0000008,A,B,(;SZ[19];B[pd];W[dp];B[qp];W[dc];B[nq];W[nc];B[de];W[ce];B[cf];W[cd];B[df];W[fc];B[dj];W[qf];B[oe];W[qc];B[qd];W[pc];B[rc];W[rb];B[re];W[od];B[nd];W[oc];B[pf];W[qk];B[qm];W[ne];B[md];W[of];B[pe];W[nf];B[pg];W[le];B[mc];W[kc];B[ke];W[ld];B[sb];W[mb];B[qi];W[jq];B[cn];W[fp];B[bp];W[cq];B[en];W[gn];B[hq];W[hp];B[iq];W[ip];B[jr];W[gq];B[kq];W[jp];B[kr];W[ok];B[lo];W[om];B[oi];W[mk];B[mi];W[pm];B[qn];W[kk];B[hf];W[hd];B[fl];W[fj];B[ek];W[hj];B[hl];W[ik];B[ei];W[kg];B[kf];W[lf];B[jg];W[jh];B[kh];W[lg];B[ih];W[ji];B[ig];W[lh];B[lj];W[lk];B[kj];W[jj];B[jd];W[jc];B[qb];W[pb];B[ra];W[oo];B[pp];W[op];B[oq];W[be];B[bf];W[ni];B[nh];W[nj];B[mh];W[bq];B[pa];W[nb];B[id];W[ic];B[bo];W[gh];B[gg];W[fh];B[eg];W[eh];B[dh];W[af];B[ag];W[ae];B[bh];W[gr];B[fi];W[gi];B[gk];W[gj];B[jl];W[jk];B[aq];W[ar];B[ap];W[br];B[ir];W[rj];B[ri];W[rl];B[rm];W[mp];B[mq];W[lp];B[kp];W[mo];B[jo];W[ln];B[ko];W[il];B[jm];W[oj];B[pi];W[fg];B[ff];W[ge];B[gf];W[kd];B[ie];W[he];B[jf];W[ed];B[fe];W[fd];B[ql];W[pl];B[sl];W[rk];B[fo];W[go];B[ep];W[eq];B[eo];W[do];B[dn];W[ej];B[di];W[kn];B[jn];W[oa];B[qa];W[km];B[kl];W[ll];B[pj];W[pk];B[hh];W[fm];B[em];W[gm];B[fk];W[lq];B[lr];W[po];B[qo];W[sk];B[sm];W[og];B[oh];W[hk];B[hm];W[ki];B[np];W[no];B[pn];W[on];B[ee];W[si];B[rh];W[sh];B[sg];W[sj];B[cp];W[mg];B[ii];W[hs];B[is];W[hn];B[io];W[hr];B[im];W[mj];B[li];W[dq];B[co];W[dd];B[gl];W[gp])
be6b39e833662aec,g_0000009,A,B,(;SZ[19];B[pd];W[dc];B[pq];W[cp];B[eq];W[do];B[gp];W[ck];B[ce];W[cg];B[bc];W[cd];B[bd];W[de];B[cf];W[df];B[db];W[bg];B[bf];W[af];B[be];W[eb];B[cb];W[ec];B[ae];W[ag];B[jc];W[je];B[mc];W[me];B[hc];W[lc];B[lb];W[mb];B[kc];W[nc];B[ld];W[md];B[lc];W[od];B[pc];W[le];B[nb];W[ob];B[ma];W[oc];B[pe];W[oe];B[pg];W[po];B[qm];W[on];B[qo];W[qp];B[pp];W[qn];B[ro];W[rn];B[rp];W[pm];B[oo];W[pn];B[no];W[qj];B[ie];W[if];B[jf];W[kf];B[jg];W[hf];B[jd];W[ke];B[kg];W[lg];B[lh];W[mh];B[li];W[ng];B[mi];W[ni];B[nj];W[ji];B[kh];W[in];B[oi];W[nh];B[mk];W[ip];B[iq];W[jq];B[hq];W[kp];B[gn];W[em];B[gl];W[il];B[he];W[gf];B[lq];W[kr];B[cr];W[br];B[cq];W[bq];B[eo];W[dn];B[dp];W[bo];B[ik];W[jk];B[hk];W[jl];B[kn];W[jn];B[ko];W[jo];B[lp];W[kq];B[jj];W[kj];B[ij];W[km];B[ki];W[hm];B[gm];W[lk];B[ii];W[lm];B[mn];W[rh];B[rg];W[qh];B[qg];W[sg];B[sf];W[sh];B[re];W[qb];B[ph];W[pi];B[pj];W[qi];B[qk];W[pk];B[oj];W[ql];B[rk];W[rj];B[rl];W[rm];B[ok];W[pl];B[pb];W[pa];B[rb];W[ra];B[rc];W[oa];B[dj];W[dh];B[cj];W[bj];B[bi];W[bk];B[ci];W[dk];B[ej];W[ai];B[ge];W[ff];B[lr];W[ls];B[ms];W[ks];B[mr];W[ir];B[hr];W[hs];B[gs];W[is];B[fr];W[cs];B[ds];W[bs];B[dr];W[fi];B[ek];W[el];B[gb];W[cc];B[ab];W[gi];B[fk];W[hh];B[ih];W[fe];B[fd];W[ed];B[fc];W[ea];B[da];W[ig];B[bh];W[ah];B[qc];W[qa];B[ei];W[eh];B[of];W[nf];B[en];W[ho];B[go];W[ml];B[nl];W[ln];B[lo];W[mm];B[nn];W[nm];B[lj];W[kk];B[ol];W[sn];B[qq];W[so];B[fm];W[na];B[mb];W[sp];B[sq];W[og];B[pf];W[ga];B[ha];W[fa];B[hn];W[hl];B[hp];W[io];B[sb];W[gj];B[gk];W[hi];B[oh];W[om];B[fb])
75af51dd38b5bad4,g_0000010,A,B,(;SZ[19];B[pd];W[dd];B[dp];W[pp];B[cc];W[dc];B[cd];W[ce];B[be];W[bf];B[cf];W[de];B[bg];W[bd];B[af];W[bc];B[qq];W[pq];B[qp];W[po];B[rn];W[jp];B[gq];W[cp];B[cq];W[co];B[bq];W[do];B[ep];W[ck];B[di];W[df];B[dg];W[bi];B[fg];W[hd];B[mc];W[qd];B[qc];W[qe];B[rc];W[pe];B[od];W[qm];B[qn];W[pn];B[pi];W[pr];B[qr];W[nf];B[pl];W[pm];B[nl];W[ni];B[mm];W[mo];B[ql];W[rm];B[rl];W[sn];B[ro];W[qs];B[rs];W[ps];B[rq];W[qh];B[ph];W[qg];B[jr];W[rj];B[qj];W[oj];B[ri];W[qi];B[pj];W[rh];B[rk];W[si];B[ok];W[mj];B[nh];W[mh];B[ng];W[mg];B[oi];W[fi];B[dk];W[cl];B[eh];W[dl];B[ek];W[kc];B[lb];W[md];B[nd];W[lc];B[kb];W[jb];B[nb];W[me];B[nj];W[hg];B[el];W[fe];B[ja];W[ib];B[ia];W[ha];B[ka];W[hb];B[lr];W[mq];B[mr];W[jq];B[ir];W[nr];B[lq];W[lp];B[mi];W[li];B[hk];W[hi];B[ij];W[ii];B[nq];W[np];B[mp];W[ko];B[gf];W[gg];B[ff];W[hf];B[ge];W[gd];B[he];W[ie];B[ji];W[jh];B[ki];W[kh];B[lj];W[ni];B[lk];W[mi];B[jm];W[gk];B[gl];W[hj];B[ik];W[mq];B[hn];W[jn];B[km];W[gm];B[fm];W[gn];B[hm];W[fn];B[en];W[eo];B[fo];W[go];B[fp];W[dn];B[em];W[hp];B[ho];W[gp];B[ip];W[hq];B[iq];W[fq];B[hr])
62effdf6c91c49f5,g_0000011,A,B,(;SZ[19];B[qd];W[dq];B[dc];W[qp];B[co];W[dm];B[cf];W[do];B[cn];W[dn];B[cp];W[dp];B[cl];W[cm];B[bm];W[cq];B[bk];W[bp];B[bo];W[ao];B[bn];W[pj];B[kp];W[iq];B[oq];W[pn];B[jq];W[jr];B[kr];W[jp];B[kq];W[ir];B[jo];W[ip];B[kn];W[od];B[mc];W[ne];B[qg];W[qi];B[pc];W[oc];B[jc];W[ld];B[lc];W[je];B[kd];W[ke];B[hd];W[hf];B[gf];W[gg];B[ge];W[cc];B[dd];W[cd];B[ce];W[db];B[eb];W[cb];B[fc];W[bd];B[bb];W[ba];B[ac];W[da];B[be];W[ad];B[hg];W[if];B[hh];W[ek];B[dj];W[ej];B[ei];W[fi];B[fh];W[dk];B[di];W[gi];B[gh];W[ki];B[hn];W[pr];B[pq];W[qq];B[or];W[go];B[rh];W[ri];B[si];W[sj];B[sh];W[rk];B[fm];W[gk];B[hl];W[ck];B[cj];W[br];B[nn];W[ni];B[ng];W[og];B[of];W[nf];B[oh];W[mg];B[pg];W[mh];B[md];W[le];B[me];W[mf];B[nl];W[jd];B[kc];W[id];B[ic];W[jh];B[kk];W[io];B[in];W[jk];B[jl];W[ik];B[il];W[lk];B[ll];W[mk];B[ml];W[oo];B[no];W[op];B[np];W[qr];B[pm];W[qm];B[pl];W[ql];B[on];W[pp];B[kj];W[jj];B[ii];W[lj];B[kl];W[os];B[nr];W[ns];B[mr];W[gn];B[gm];W[ae];B[af];W[ob];B[pb];W[pa];B[qa];W[oa];B[rb];W[qh];B[rf];W[ho];B[ji];W[hk];B[kh];W[li];B[jg];W[kg];B[ih];W[lh];B[kf];W[lg];B[jf];W[lf];B[ig];W[ie];B[ma];W[oe];B[pe];W[ok];B[pk];W[qk];B[nk];W[nj];B[ol];W[ea];B[fa];W[fn];B[ms];W[ps];B[oj];W[oi];B[dl];W[el];B[bl];W[em];B[ph];W[pi];B[an];W[ap];B[aa];W[ab];B[qn];W[bc];B[po];W[rn];B[fl];W[fk];B[js];W[is];B[ks];W[qo];B[pn];W[nb];B[mb];W[nh];B[og];W[gl];B[hm];W[hj];B[fg];W[pd];B[qe];W[jh];B[bq];W[aq];B[kh];W[ok];B[jh];W[oj];B[he])
f9da5cac968c28f3,g_0000012,A,B,(;SZ[19];B[pd];W[dp];B[pp];W[dd];B[fc];W[df];B[dc];W[cc];B[cb];W[ec];B[db];W[ed];B[eb];W[bc];B[fd];W[bb];B[kc];W[qf];B[pi];W[qc];B[qd];W[pc];B[oc];W[ob];B[nc];W[nb];B[mc];W[mb];B[lb];W[ld];B[lc];W[id];B[rd];W[rc];B[sc];W[sb];B[sd];W[qb];B[kd];W[ke];B[le];W[lf];B[me];W[ff];B[je];W[ie];B[kf];W[gb];B[hc];W[fb];B[hb];W[ca];B[hd];W[if];B[kh];W[ni];B[og];W[li];B[ki];W[pj];B[qj];W[qi];B[qk];W[ph];B[oi];W[oh];B[oj];W[ok];B[nj];W[mj];B[nk];W[mk];B[nl];W[mh];B[ng];W[nh];B[qh];W[pg];B[ri];W[oe];B[pe];W[mf];B[pf];W[of];B[qg];W[ml];B[nm];W[jg];B[kg];W[qq];B[qp];W[pq];B[oq];W[or];B[nr];W[nq];B[op];W[mr];B[pr];W[ns];B[qr];W[ln];B[mm];W[lm];B[kk];W[lk];B[kl];W[ll];B[cq];W[dq];B[cp];W[co];B[bo];W[bn];B[cn];W[do];B[bm];W[bp];B[an];W[bq];B[dk];W[no];B[on];W[oo];B[po];W[rq];B[rr];W[nn];B[pn];W[mn];B[dn];W[fo];B[fn];W[go];B[gn];W[hn];B[hm];W[im];B[in];W[ho];B[io];W[jj];B[km];W[kj];B[il];W[gm];B[hl];W[en];B[fm];W[em];B[fl];W[el];B[ek];W[ip];B[jp];W[jo];B[jn];W[ko];B[ch];W[eh];B[bf];W[ii];B[be];W[fk];B[gk];W[gl];B[fj];W[hk];B[fl];W[jk];B[hj];W[ik];B[hi];W[hh];B[gh];W[hg];B[di];W[fe];B[ap];W[cr];B[dl];W[fm];B[jh];W[ih];B[jf];W[ig];B[gg];W[gf];B[he];W[jc];B[jb];W[ei];B[ej];W[dh];B[ci];W[cg];B[bg];W[fg];B[fh];W[fi];B[gi];W[ij];B[gj];W[dm];B[cm];W[ea];B[np];W[mp];B[hf];W[ps];B[rp];W[rs];B[sq];W[qs];B[lh];W[mg];B[od];W[nf];B[ne];W[la];B[ka];W[ma];B[ic];W[jd];B[ge];W[bd];B[ce];W[de];B[cd];W[da];B[cf];W[dg];B[ad];W[ae];B[af];W[gc];B[gd];W[ha];B[ib];W[ia];B[kb];W[aq];B[ao];W[ac];B[ss];W[os];B[sr];W[fk];B[ae];W[bh])
4052e132a8c22aaf,g_0000013,A,B,(;SZ[19];B[pd];W[cp];B[dc];W[pq];B[po];W[np];B[pj];W[pm];B[qq];W[qr];B[qp];W[or];B[qm];W[ql];B[qn];W[pl];B[ro];W[on];B[pp];W[op];B[rr];W[rs];B[sr];W[qf];B[qe];W[pf];B[nd];W[de];B[ee];W[dd];B[ed];W[cc];B[db];W[cb];B[fc];W[df];B[qh];W[nf];B[nh];W[lf];B[ld];W[hd];B[ic];W[hc];B[hb];W[gb];B[ib];W[gc];B[fb];W[id];B[jd];W[je];B[kd];W[if];B[ga];W[ph];B[pi];W[oh];B[oi];W[ni];B[ng];W[of];B[nj];W[mi];B[mj];W[li];B[lj];W[ki];B[kj];W[ok];B[oj];W[ef];B[ji];W[kh];B[ij];W[jh];B[ih];W[jk];B[jj];W[jp];B[oo];W[no];B[nn];W[nm];B[mn];W[mm];B[pn];W[om];B[ln];W[lm];B[lp];W[kn];B[ko];W[lo];B[mo];W[mp];B[lo];W[jo];B[lq];W[mq];B[kr];W[mr];B[jq];W[jn];B[iq];W[fq];B[gq];W[fp];B[hr];W[dj];B[gi];W[ig];B[hh];W[fk];B[gk];W[gl];B[hk];W[hl];B[fj];W[ek];B[ch];W[cj];B[eh];W[fe];B[fr];W[er];B[es];W[dr];B[fd];W[ff];B[ge];W[gf];B[he];W[ie];B[hf];W[hg];B[gd];W[gh];B[fh];W[gg];B[hi];W[ik];B[ca];W[cg];B[dh];W[bb];B[ba];W[oc];B[od];W[qc];B[qd];W[rc];B[pc];W[pb];B[ob];W[rb];B[pa];W[qa];B[qb];W[ha];B[ia];W[pb];B[cd];W[bd];B[qb];W[re];B[rd];W[pb];B[oa];W[rf];B[sd];W[mc];B[nc];W[md];B[me];W[jc];B[kc];W[mb];B[bi];W[le];B[ne];W[bj];B[aj];W[ak];B[ai];W[bl];B[bg];W[bf];B[ds];W[cs];B[fs];W[cr];B[gp];W[go];B[ho];W[hn];B[gn];W[fo];B[in];W[hm];B[io];W[im];B[kl];W[kk];B[ag];W[lk];B[rj];W[rm];B[rn];W[rk];B[sm];W[rl];B[ab];W[bc];B[af];W[ae];B[ci];W[ri];B[qj];W[rh];B[qi];W[qg];B[mk];W[ml];B[sj];W[sl];B[nk];W[sn];B[so];W[mf];B[sh];W[rg];B[si];W[ke];B[ej];W[kb];B[jb];W[lb];B[fa];W[da];B[ea];W[ac];B[dg];W[cf];B[nb];W[ka];B[ma];W[aa];B[da];W[ip];B[hp];W[lr];B[kq];W[se];B[sg];W[nl];B[pk];W[ks];B[js];W[ls];B[di];W[dl];B[sm];W[ol];B[sn];W[km];B[ss];W[qs];B[rq];W[ab])
e5d65dd315117c95,g_0000014,A,B,(;SZ[19];B[pd];W[dp];B[pq];W[dd];B[qk];W[ok];B[pm];W[pj];B[qj];W[ph];B[pi];W[oi];B[qi];W[og];B[cj];W[ej];B[dh];W[cf];B[cl];W[cn];B[dm];W[bm];B[bl];W[dn];B[fq];W[ip];B[dr];W[cq];B[cr];W[br];B[dq];W[bp];B[ep];W[eo];B[fo];W[fn];B[go];W[lp];B[nq];W[om];B[pn];W[on];B[po];W[kc];B[eh];W[bh];B[ci];W[nc];B[nd];W[oc];B[od];W[md];B[nf];W[ng];B[me];W[ld];B[mg];W[mh];B[dc];W[cc];B[ec];W[cb];B[ed];W[de];B[ee];W[ef];B[ff];W[lg];B[mf];W[kh];B[pc];W[of];B[pb];W[gf];B[fg];W[ge];B[eg];W[df];B[fe];W[gc];B[fb];W[gb];B[gg];W[hg];B[hh];W[ig];B[ih];W[em];B[jg];W[jf];B[gd];W[he];B[hd];W[ie];B[ic];W[ib];B[id];W[jd];B[jb];W[hb];B[jc];W[fc];B[fd];W[eb];B[db];W[fa];B[ca];W[ea];B[da];W[jh];B[bb];W[bc];B[ij];W[gj];B[gi];W[jj];B[hj];W[mr];B[nr];W[qf];B[qe];W[rf];B[re];W[se];B[sd];W[sf];B[rc];W[jl];B[ji];W[ki];B[jk];W[ii];B[kk];W[ik];B[hk];W[il];B[kl];W[hl];B[gk];W[km];B[lm];W[kn];B[pk];W[oj];B[ol];W[nl];B[pl];W[mm];B[ln];W[lo];B[mn];W[ll];B[no];W[nm];B[oo];W[hn];B[ir];W[iq];B[hr];W[jr];B[kr];W[kq];B[js];W[jq];B[lr];W[mq];B[ms];W[fk];B[fj];W[ek];B[gl];W[gm];B[ei];W[dl];B[cm];W[bn];B[mk];W[ml];B[kj];W[nk];B[ji];W[oe];B[ne];W[jj];B[ia];W[ha];B[ji];W[bk];B[ck];W[jj];B[ho];W[ji];B[io];W[jo];B[in];W[im];B[jn];W[jm];B[bi];W[bg];B[ke];W[le];B[je];W[kf];B[mb];W[mc];B[lb];W[kb];B[nb];W[ob];B[oa];W[ja];B[rh];W[qh];B[rg];W[qg];B[si];W[fl];B[hi];W[mo];B[nn];W[sg];B[hq];W[cs];B[ds];W[sh];B[ri];W[bs];B[ba];W[be];B[hp];W[gn];B[lq];W[kp];B[mp];W[pe];B[pa];W[al];B[bj];W[ak];B[aj];W[am];B[dk];W[el];B[dj];W[ch];B[dg];W[ah];B[la];W[na];B[ma];W[ka];B[na];W[ab];B[aa];W[ac];B[lc];W[kd];B[di];W[lf])
b4c717121c933b48,g_0000015,A,B,(;SZ[19];B[pd];W[pp];B[dp];W[dd];B[nq];W[oq];B[np];W[pn];B[jp];W[nr];B[mr];W[or];B[fc];W[ec];B[fd];W[cf];B[jd];W[fq];B[eq];W[fp];B[dm];W[kq];B[jq];W[lr];B[kp];W[jr];B[lq];W[kr];B[hq];W[ir];B[hr];W[iq];B[hp];W[ip];B[ho];W[io];B[lo];W[ms];B[fn];W[mq];B[mp];W[lp];B[mn];W[ko];B[lq];W[do];B[eo];W[lp];B[ep];W[jo];B[kn];W[nn];B[nm];W[om];B[no];W[on];B[nl];W[mm];B[lm];W[cn];B[dn];W[co];B[cm];W[bq];B[cp];W[bp];B[bm];W[dr];B[er];W[cr];B[bo];W[ar];B[ml];W[pj];B[qh];W[qi];B[ph];W[nj];B[pc];W[hn];B[gn];W[hm];B[jm];W[nc];B[lc];W[ne];B[of];W[oe];B[pe];W[ob];B[pb];W[ic];B[jc];W[hd];B[he];W[jb];B[kb];W[hb];B[fb];W[ge];B[ie];W[gd];B[ed];W[dc];B[de];W[ce];B[ef];W[gf];B[eh];W[fg];B[eg];W[ig];B[ja];W[ib];B[kf];W[le];B[jg];W[mg];B[oi];W[jh];B[kh];W[lg];B[kg];W[mi];B[ih];W[if];B[jf];W[ji];B[ki];W[ii];B[hh];W[gg];B[kj];W[gi];B[oj];W[hi];B[ej];W[lk];B[kk];W[mc];B[ld];W[md];B[mb];W[ok];B[nk];W[og];B[nf];W[oh];B[mf];W[pg];B[qg];W[pf];B[qf];W[lf];B[pk];W[ni];B[pi];W[ol];B[qj];W[di];B[ei];W[cj];B[ch];W[dh];B[dg];W[cg];B[dj];W[ci];B[bh];W[bk];B[ck];W[bi];B[ai];W[bj];B[bl];W[bg];B[hk];W[gk];B[gl];W[hl];B[ik];W[gc];B[gb];W[id];B[in];W[fl];B[gm];W[fk];B[dk];W[ql];B[pl];W[rk];B[rj];W[qm];B[qk];W[eb];B[nb];W[oc];B[oa];W[sl];B[lj];W[ao];B[an];W[ap];B[is];W[js];B[hs];W[es];B[fs];W[ds];B[fr];W[ke];B[je];W[kd];B[kc];W[od];B[si];W[em];B[el];W[fm];B[en];W[fi];B[fh];W[gh];B[ek];W[jj];B[jk];W[mj];B[mk];W[lh];B[oo];W[po];B[hj];W[jn];B[im];W[ia];B[ka];W[li];B[ea];W[da];B[hf];W[hg];B[fa];W[ah];B[ak];W[df];B[ee];W[cb];B[sj];W[op];B[mo];W[rp];B[sk];W[rl];B[al];W[aj];B[fj];W[gj])
bf7678265ab406ce,g_0000016,A,B,(;SZ[19];B[op];W[dd];B[pe];W[dp];B[dj];W[pc];B[nd];W[qe];B[pd];W[qd];B[qc];W[qb];B[rc];W[rb];B[oc];W[pb];B[qf];W[rd];B[pf];W[qp];B[qo];W[pp];B[po];W[oq];B[nq];W[or];B[nr];W[rp];B[ro];W[qr];B[no];W[on];B[oo];W[gq];B[cn];W[co];B[dn];W[gc];B[cf];W[ce];B[df];W[pj];B[eq];W[ep];B[fq];W[fp];B[gr];W[hq];B[cq];W[bo];B[dq];W[hr];B[fs];W[fn];B[ec];W[ed];B[fc];W[fd];B[gb];W[hc];B[hb];W[ic];B[dc];W[cc];B[cb];W[bb];B[bc];W[cd];B[db];W[bd];B[ge];W[gd];B[he];W[je];B[bf];W[kc];B[ho];W[go];B[pl];W[ol];B[pk];W[ok];B[oj];W[pi];B[nj];W[pm];B[qm];W[qj];B[rl];W[rk];B[ql];W[mm];B[oh];W[oi];B[ni];W[ph];B[og];W[rh];B[rg];W[ri];B[sj];W[sk];B[qh];W[pg];B[qg];W[nh];B[ng];W[mh];B[mk];W[lm];B[kk];W[mg];B[nf];W[mf];B[me];W[le];B[ld];W[ke];B[kg];W[kh];B[jm];W[jn];B[im];W[kn];B[in];W[jp];B[hp];W[gp];B[fm];W[gm];B[gl];W[em];B[fl];W[en];B[hm];W[gn];B[dl];W[el];B[ek];W[fk];B[gk];W[fj];B[gj];W[fi];B[gi];W[fh];B[gg];W[gh];B[hh];W[fg];B[gf];W[ef];B[ff];W[eg];B[ee];W[de];B[fe];W[ch];B[dh];W[dg];B[cg];W[di];B[ei];W[eh];B[ej];W[dh];B[bh];W[ci];B[cj];W[bi];B[bj])
6366183ba5ffe61b,g_0000017,A,B,(;SZ[19];B[pq];W[dd];B[pc];W[qj];B[dp];W[qo];B[qp];W[po];B[nq];W[ro];B[cf];W[qe];B[qd];W[pe];B[nc];W[re];B[fc];W[df];B[dg];W[ef];B[ce];W[cd];B[gd];W[de];B[ch];W[ic];B[gf];W[eg];B[eh];W[gg];B[fh];W[fg];B[kc];W[he];B[hd];W[id];B[ie];W[hf];B[je];W[hb];B[gb];W[kb];B[lb];W[jb];B[lc];W[eb];B[fb];W[hc];B[ge];W[hh];B[ia];W[ha];B[jd];W[fd];B[gc];W[jc];B[ka];W[ja];B[la];W[ec];B[ga];W[di];B[dh];W[fq];B[dn];W[lq];B[mp];W[rq];B[iq];W[lp];B[mo];W[om];B[eq];W[kn];B[mm];W[nk];B[mk];W[mj];B[lk];W[hp];B[jp];W[ko];B[in];W[io];B[jo];W[jn];B[ho];W[ip];B[gp];W[hq];B[gq];W[hr];B[go];W[gr];B[fr];W[fs];B[er];W[jq];B[ne];W[ng];B[of];W[ph];B[pg];W[qh];B[qg];W[rg];B[nj];W[ok];B[mi];W[gj];B[dk];W[dl];B[cl];W[el];B[cj];W[ek];B[ki];W[dj];B[ck];W[en];B[eo];W[dm];B[cm];W[em];B[fn];W[im];B[hn];W[rc];B[rd];W[sd];B[qc];W[rb];B[qb];W[ra];B[og];W[oh];B[nh];W[jg];B[if];W[hg];B[ig];W[jh];B[ih];W[ji];B[ii];W[jj];B[ij];W[jk];B[lg];W[or];B[oq];W[nr];B[pr];W[mq];B[oo];W[on];B[no];W[ea];B[bd];W[bc];B[be];W[ad];B[ae];W[ac];B[pp];W[rp];B[ci];W[ob];B[oc];W[qa];B[pb];W[pa];B[nb];W[kf];B[le];W[lf];B[mf];W[oj];B[ni];W[hk];B[ej];W[fj];B[fi];W[gl];B[os];W[mr];B[es];W[ir];B[il];W[jl];B[ik];W[hm];B[gm];W[hl];B[fl];W[fk];B[fm];W[kj];B[lj];W[kh];B[li];W[lh];B[mh];W[ke];B[kd];W[oe];B[od];W[rs];B[qf];W[rf];B[oi];W[pi];B[nl];W[ol];B[lm];W[oa];B[gi];W[hj];B[hi];W[fe];B[nm];W[kl];B[km];W[jm];B[ll];W[lo];B[ns];W[ms];B[ps];W[qr];B[qs];W[qq];B[gs];W[hs];B[fs];W[pf];B[nf];W[kg];B[mg];W[na];B[ma];W[nn];B[mn];W[fa];B[ib])
d1a6134b8d37cf8a,g_0000018,A,B,(;SZ[19];B[pd];W[dq];B[pq];W[cd];B[co];W[cl];B[eo];W[fp];B[fo];W[gp];B[cq];W[cr];B[cs];W[cp];B[bq];W[dp];B[br];W[bp];B[dr];W[do];B[fr];W[gr];B[ep];W[eq];B[er];W[go];B[em];W[dn];B[fm];W[fq];B[gn];W[en];B[hn];W[fn];B[gk];W[qo];B[qp];W[po];B[nq];W[qk];B[qi];W[ok];B[oi];W[qc];B[pc];W[qd];B[qe];W[re];B[qf];W[rf];B[rg];W[pb];B[ob];W[qb];B[nc];W[ec];B[hq];W[gq];B[ip];W[ic];B[cj];W[ch];B[ck];W[dl];B[cf];W[dg];B[de];W[dd];B[ee];W[fg];B[ge];W[fd];B[ef];W[gh];B[gf];W[ej];B[ei];W[fi];B[di];W[eg];B[ek];W[dk];B[bh];W[bg];B[bi];W[cg];B[bl];W[bm];B[ak];W[ah];B[dj];W[fj];B[bn];W[cm];B[am];W[bo];B[ai];W[bj];B[ag];W[bf];B[no];W[ro];B[rp];W[sp];B[pl];W[pk];B[qm];W[rm];B[rl];W[ql];B[pm];W[rn];B[nm];W[nl];B[mm];W[ml];B[ol];W[nj];B[ni];W[ll];B[kn];W[mi];B[mh];W[li];B[lh];W[ki];B[kh];W[lc];B[hc];W[hb];B[gc];W[gb];B[fc];W[fb];B[ed];W[dc];B[id];W[jd];B[ie];W[je];B[jc];W[ib];B[jf];W[kc];B[kf];W[le];B[ne];W[rq];B[qq];W[rr];B[qr];W[rs];B[rj];W[rk];B[sg];W[rd];B[ji];W[jj];B[ij];W[jk];B[ik];W[jl];B[il];W[ir];B[kq];W[kr];B[lr];W[jq];B[kp];W[jp];B[jo];W[hr];B[iq];W[jr];B[io];W[ls];B[ms];W[mr];B[ks];W[lq];B[mq];W[ls];B[sl];W[sk];B[lr];W[lp];B[ko];W[ls];B[rb];W[sc];B[lr];W[on];B[nr];W[om];B[ke];W[kd];B[lf];W[me];B[mf];W[lm];B[lo];W[qs];B[ps];W[op];B[oq];W[mn];B[nn];W[mo];B[ln];W[oo];B[mp];W[ii];B[jh];W[ih];B[ig];W[fk];B[gl];W[ce];B[md];W[ld];B[mb];W[lb];B[gj];W[el];B[hg];W[gi];B[df];W[ff];B[fe];W[jm];B[oj];W[mj])
4833e8e7ff838a91,g_0000019,A,B,(;SZ[19];B[pd];W[dp];B[cd];W[pp];B[fd];W[nc];B[kc];W[hc];B[gc];W[hd];B[nd];W[qc];B[oc];W[qd];B[pe];W[qe];B[pf];W[qf];B[fg];W[pg];B[je];W[og];B[nf];W[if];B[ie];W[gf];B[he];W[ff];B[hf];W[gg];B[eg];W[ee];B[df];W[gd];B[ge];W[fc];B[fe];W[gb];B[ec];W[eb];B[dc];W[jb];B[kb];W[db];B[dm];W[hg];B[gj];W[hi];B[hj];W[ii];B[ng];W[oi];B[qn];W[pn];B[qo];W[po];B[qm];W[qp];B[qj];W[nh];B[fq];W[eq];B[fp];W[cn];B[cm];W[dn];B[en];W[bm];B[bl];W[bn];B[cl];W[ij];B[ik];W[gi];B[fi];W[jk];B[il];W[kp];B[lp];W[im];B[jl];W[fn];B[eo];W[hp];B[jp];W[kq];B[jq];W[ko];B[jo];W[jn];B[kn];W[hr];B[jr];W[fr];B[lo];W[km];B[ln];W[jm];B[kk];W[jj];B[kl];W[lm];B[li];W[lh];B[kh];W[ki];B[lj];W[kg];B[jh];W[jg];B[lg];W[mh];B[ih];W[hk];B[fj];W[hl];B[hm];W[gm];B[hn];W[fl];B[kj];W[lf];B[mg];W[ig];B[gl];W[gk];B[fk];W[gl];B[mm];W[hh];B[go];W[ef];B[dg];W[de];B[ce];W[ed];B[jc];W[ke];B[ib];W[hb];B[ic];W[cc];B[dd];W[bc];B[el];W[fh];B[ei];W[mq];B[lq];W[nq];B[do];W[co];B[er];W[dr];B[gr];W[es];B[gq];W[bf];B[cf];W[ae];B[bg];W[ad];B[ag];W[md];B[mc];W[ne];B[nb];W[of];B[me];W[mf];B[ld];W[pb];B[rh];W[qi];B[ri];W[pj];B[qk];W[pk];B[pm];W[ro];B[rn];W[rp];B[nk];W[nm];B[ml];W[nn];B[rf];W[re];B[qh];W[rg];B[pi];W[ph];B[qi];W[pl];B[rl];W[pc];B[od];W[le];B[md];W[gs];B[hq];W[lr];B[kr];W[mr];B[om];W[nj];B[on];W[no];B[oo];W[op];B[ir];W[hs];B[is];W[fs];B[ep];W[cq];B[ol];W[eh];B[dh];W[gh];B[oe];W[nf];B[qg];W[sf];B[mp];W[np];B[mj];W[al];B[ak];W[am];B[bj];W[oa];B[na];W[ob];B[sh];W[sg];B[mi];W[ni];B[ql];W[oj];B[nl];W[ia];B[ja];W[ha];B[jf];W[kf];B[so];W[sp];B[sn];W[bd];B[ls];W[ms];B[ks];W[di];B[ci];W[dj];B[ek];W[af];B[ch];W[kd];B[jd])
6e7c76077db8a326,g_0000020,A,B,(;SZ[19];B[qd];W[dp];B[pp];W[dc];B[ce];W[de];B[df];W[ee];B[cg];W[cd];B[be];W[od];B[jc];W[pf];B[oc];W[nc];B[pc];W[md];B[lc];W[nb];B[pe];W[oe];B[qf];W[qg];B[rf];W[pg];B[rg];W[rh];B[ob];W[pd];B[qe];W[qc];B[qb];W[rc];B[rb];W[oa];B[pb];W[dh];B[ef];W[ch];B[gc];W[ff];B[bd];W[bc];B[eg];W[bg];B[fg];W[fe];B[ke];W[lf];B[kf];W[lg];B[le];W[me];B[nh];W[ng];B[qh];W[ri];B[ph];W[pj];B[oh];W[mg];B[ok];W[oj];B[nj];W[nk];B[mj];W[ol];B[ql];W[pk];B[rk];W[qj];B[qn];W[mk];B[lj];W[lk];B[kh];W[kg];B[jg];W[mh];B[ni];W[kj];B[li];W[jj];B[jh];W[ie];B[mc];W[nf];B[og];W[nd];B[of];W[ld];B[kd];W[jf];B[if];W[je];B[he];W[hf];B[ig];W[hd];B[hc];W[id];B[hg];W[ge];B[mb];W[ic];B[ib];W[kb];B[kc];W[jb];B[ma];W[na];B[ia];W[la];B[ka];W[jd];B[cb];W[cc];B[eb];W[db];B[gb];W[ec];B[ea];W[da];B[fb];W[ja];B[ga];W[bf];B[cf];W[nq];B[ek];W[fi];B[bi];W[bh];B[bk];W[cj];B[ck];W[bj];B[dj];W[di];B[gi];W[ej];B[dk];W[fk];B[gj];W[fj];B[co];W[do];B[cn];W[cp];B[em];W[gk];B[fh];W[hk];B[fq];W[fp];B[gp];W[fo];B[gq];W[eq];B[kq];W[pq];B[qq];W[qr];B[rq];W[or];B[op];W[mr];B[oq];W[pr];B[mp];W[kr];B[jr];W[lq];B[jp];W[lp];B[mo];W[js];B[ir];W[rr];B[er];W[dr];B[fr];W[bp];B[gm];W[hj];B[hi];W[jo];B[il];W[jl];B[ik];W[ij];B[jm];W[kl];B[im];W[kp];B[jq];W[kn];B[km];W[lm];B[ln];W[sq];B[rp];W[sp];B[so];W[sr];B[ro];W[dn];B[dm];W[fn];B[fm];W[ho];B[ip];W[hn];B[hm];W[io];B[mm];W[ll];B[jk];W[kk];B[aj];W[ci];B[ai];W[ah];B[ak];W[af];B[nm];W[pl];B[bo];W[nl];B[ds];W[cs];B[es];W[cr];B[bm];W[pn];B[po];W[on];B[np];W[lo];B[mn];W[rj];B[qm];W[qk];B[rl];W[gd];B[ap];W[aq];B[ao];W[br];B[mq];W[nr];B[pa];W[is];B[hs];W[ks];B[hp];W[ki];B[lh];W[gf];B[gg];W[sg];B[ac];W[ab];B[ad];W[bb];B[sf];W[sh];B[eh];W[ei];B[en];W[eo];B[jn];W[ko];B[sj];W[ii];B[ih];W[fc];B[fl];W[si];B[sk];W[oo];B[go];W[gn];B[pm];W[om])
